id,source,url,title,published,english
ada9beb72a7fa2ca_0,www.abc.net.au,https://www.abc.net.au/news/2025-11-05/bureau-of-meteorology-wave-buoy-in-sa-offline-again/105971410,BOM wave buoy goes 'adrift' in SA five months after lengthy repairs,"Wed, 05 Nov 2025 02:25:11 +0000",Find any issues using dark mode?
ada9beb72a7fa2ca_1,www.abc.net.au,https://www.abc.net.au/news/2025-11-05/bureau-of-meteorology-wave-buoy-in-sa-offline-again/105971410,BOM wave buoy goes 'adrift' in SA five months after lengthy repairs,"Wed, 05 Nov 2025 02:25:11 +0000",Please let us know The Cape du Couedic wave buoy sits off the coast of south-west Kangaroo Island.
ada9beb72a7fa2ca_2,www.abc.net.au,https://www.abc.net.au/news/2025-11-05/bureau-of-meteorology-wave-buoy-in-sa-offline-again/105971410,BOM wave buoy goes 'adrift' in SA five months after lengthy repairs,"Wed, 05 Nov 2025 02:25:11 +0000",( Facebook: Exceptional Kangaroo Island ) The Cape du Couedic wave buoy was found on Kangaroo Island after breaking free from its moorings.
ada9beb72a7fa2ca_3,www.abc.net.au,https://www.abc.net.au/news/2025-11-05/bureau-of-meteorology-wave-buoy-in-sa-offline-again/105971410,BOM wave buoy goes 'adrift' in SA five months after lengthy repairs,"Wed, 05 Nov 2025 02:25:11 +0000","It follows lengthy repairs in 2024 and 2025, as well as a replacement ""specialist mooring"" part."
86fd2e2ef5e45645_0,www.abc.net.au,https://www.abc.net.au/news/2025-11-05/father-and-son-killed-by-murder-hornets-during-holiday-laos/105973530,Father and son killed by 'murder hornets' during Laos holiday,"Wed, 05 Nov 2025 02:21:19 +0000",Find any issues using dark mode?
86fd2e2ef5e45645_1,www.abc.net.au,https://www.abc.net.au/news/2025-11-05/father-and-son-killed-by-murder-hornets-during-holiday-laos/105973530,Father and son killed by 'murder hornets' during Laos holiday,"Wed, 05 Nov 2025 02:21:19 +0000",Please let us know The Asian giant hornet is also known as a murder hornet.
86fd2e2ef5e45645_2,www.abc.net.au,https://www.abc.net.au/news/2025-11-05/father-and-son-killed-by-murder-hornets-during-holiday-laos/105973530,Father and son killed by 'murder hornets' during Laos holiday,"Wed, 05 Nov 2025 02:21:19 +0000","( Washington Department of Agriculture via AP: Karla Salp ) A father and son from the United States have died after being stung by a swarm of ""murder hornets"" at a resort in Laos."
86fd2e2ef5e45645_3,www.abc.net.au,https://www.abc.net.au/news/2025-11-05/father-and-son-killed-by-murder-hornets-during-holiday-laos/105973530,Father and son killed by 'murder hornets' during Laos holiday,"Wed, 05 Nov 2025 02:21:19 +0000","The pair were taken to a medical clinic showing no signs of allergic reaction, but later died in a regional hospital."
f88db1a4cb4d8721_0,www.abc.net.au,https://www.abc.net.au/news/2025-11-05/race-discrimination-commissioner-questions-afls-commitment/105956870,'You're nowhere near': Scathing message for AFL CEO on racism,"Wed, 05 Nov 2025 02:04:16 +0000",Find any issues using dark mode?
f88db1a4cb4d8721_1,www.abc.net.au,https://www.abc.net.au/news/2025-11-05/race-discrimination-commissioner-questions-afls-commitment/105956870,'You're nowhere near': Scathing message for AFL CEO on racism,"Wed, 05 Nov 2025 02:04:16 +0000","Please let us know Crowds arrive at the 2025 AFL grand final, after a season marred by a number of racist incidents."
f88db1a4cb4d8721_2,www.abc.net.au,https://www.abc.net.au/news/2025-11-05/race-discrimination-commissioner-questions-afls-commitment/105956870,'You're nowhere near': Scathing message for AFL CEO on racism,"Wed, 05 Nov 2025 02:04:16 +0000",( ABC News: Danielle Bonica ) Warning: this article contains references to offensive and racist language.
f88db1a4cb4d8721_3,www.abc.net.au,https://www.abc.net.au/news/2025-11-05/race-discrimination-commissioner-questions-afls-commitment/105956870,'You're nowhere near': Scathing message for AFL CEO on racism,"Wed, 05 Nov 2025 02:04:16 +0000",Australia's race discrimination commissioner says the AFL is failing in its responsibility to fight against racism aimed at its players.
2a883aa981005531_0,www.abc.net.au,https://www.abc.net.au/news/2025-11-05/behind-the-news-indigenous-language-t-shirts/105953066,Presenter's creative idea to bring Indigenous language on screen with him,"Wed, 05 Nov 2025 01:51:26 +0000",Find any issues using dark mode?
2a883aa981005531_1,www.abc.net.au,https://www.abc.net.au/news/2025-11-05/behind-the-news-indigenous-language-t-shirts/105953066,Presenter's creative idea to bring Indigenous language on screen with him,"Wed, 05 Nov 2025 01:51:26 +0000",Please let us know Jack Evans is promoting Indigenous language proudly on screen.
2a883aa981005531_2,www.abc.net.au,https://www.abc.net.au/news/2025-11-05/behind-the-news-indigenous-language-t-shirts/105953066,Presenter's creative idea to bring Indigenous language on screen with him,"Wed, 05 Nov 2025 01:51:26 +0000","( ABC BTN: Cale Matthews ) Each week, Behind the News (BTN) presenter and proud Gomeroi man Jack Evans greets a million kids across the country with ""Yaama"" ‚Äî the Gamilaroi word for hello."
2a883aa981005531_3,www.abc.net.au,https://www.abc.net.au/news/2025-11-05/behind-the-news-indigenous-language-t-shirts/105953066,Presenter's creative idea to bring Indigenous language on screen with him,"Wed, 05 Nov 2025 01:51:26 +0000","""With our audience, I'm always trying to show that you should be proud of who you are and where you've come from,"" Jack says."
7f49c8e853274258_0,www.abc.net.au,https://www.abc.net.au/news/2025-11-05/big-map-exercise-puts-disaster-risk-in-perspective/105972018,Big map exercise puts disaster risk in perspective,"Wed, 05 Nov 2025 01:34:46 +0000",Find any issues using dark mode?
7f49c8e853274258_1,www.abc.net.au,https://www.abc.net.au/news/2025-11-05/big-map-exercise-puts-disaster-risk-in-perspective/105972018,Big map exercise puts disaster risk in perspective,"Wed, 05 Nov 2025 01:34:46 +0000",Please let us know The big map exercise in progress at the City of Swan.
7f49c8e853274258_2,www.abc.net.au,https://www.abc.net.au/news/2025-11-05/big-map-exercise-puts-disaster-risk-in-perspective/105972018,Big map exercise puts disaster risk in perspective,"Wed, 05 Nov 2025 01:34:46 +0000","( Supplied: City of Swan ) When Disaster Relief Australia (DRA) comes into a community to run a big map exercise, it is literally that."
7f49c8e853274258_3,www.abc.net.au,https://www.abc.net.au/news/2025-11-05/big-map-exercise-puts-disaster-risk-in-perspective/105972018,Big map exercise puts disaster risk in perspective,"Wed, 05 Nov 2025 01:34:46 +0000","They print a large, full-colour satellite map of the town or local government area they are working with and invite community members in to walk on it."
b9e3ccfee2a36920_0,www.abc.net.au,https://www.abc.net.au/news/2025-11-05/mt-buller-rescue-snow-dump-hikers/105972882,Rescue underway for man stranded in blizzard in Victorian High Country,"Wed, 05 Nov 2025 01:16:08 +0000",Find any issues using dark mode?
b9e3ccfee2a36920_1,www.abc.net.au,https://www.abc.net.au/news/2025-11-05/mt-buller-rescue-snow-dump-hikers/105972882,Rescue underway for man stranded in blizzard in Victorian High Country,"Wed, 05 Nov 2025 01:16:08 +0000",Please let us know Blizzard conditions on Mount Buller saw snow fall overnight.
b9e3ccfee2a36920_2,www.abc.net.au,https://www.abc.net.au/news/2025-11-05/mt-buller-rescue-snow-dump-hikers/105972882,Rescue underway for man stranded in blizzard in Victorian High Country,"Wed, 05 Nov 2025 01:16:08 +0000",( Supplied: Rhylla Morgan ) Police are undertaking a rescue operation for an 18-year-old man who was caught in blizzard conditions near Mount Buller overnight.
b9e3ccfee2a36920_3,www.abc.net.au,https://www.abc.net.au/news/2025-11-05/mt-buller-rescue-snow-dump-hikers/105972882,Rescue underway for man stranded in blizzard in Victorian High Country,"Wed, 05 Nov 2025 01:16:08 +0000",The rescue is the second in the region in 24 hours after a 49-year-old hiker needed assistance off the mountain on Tuesday evening.
22f7a264ab89f4c4_0,www.abc.net.au,https://www.abc.net.au/news/2025-11-05/shipwreck-mystery-close-to-being-solved-maritime-history/105969238,Timber sample helps identify shipwreck unearthed during Cyclone Alfred,"Wed, 05 Nov 2025 01:15:08 +0000",Find any issues using dark mode?
22f7a264ab89f4c4_1,www.abc.net.au,https://www.abc.net.au/news/2025-11-05/shipwreck-mystery-close-to-being-solved-maritime-history/105969238,Timber sample helps identify shipwreck unearthed during Cyclone Alfred,"Wed, 05 Nov 2025 01:15:08 +0000",Please let us know Local students getting a look at the wreck with Solitary Islands Marine Park ranger David Greenhalgh.
22f7a264ab89f4c4_2,www.abc.net.au,https://www.abc.net.au/news/2025-11-05/shipwreck-mystery-close-to-being-solved-maritime-history/105969238,Timber sample helps identify shipwreck unearthed during Cyclone Alfred,"Wed, 05 Nov 2025 01:15:08 +0000",( Supplied: Ballina Coast High School ) Wood taken from a 150-year-old shipwrecked vessel has revealed its country of origin.
22f7a264ab89f4c4_3,www.abc.net.au,https://www.abc.net.au/news/2025-11-05/shipwreck-mystery-close-to-being-solved-maritime-history/105969238,Timber sample helps identify shipwreck unearthed during Cyclone Alfred,"Wed, 05 Nov 2025 01:15:08 +0000",Timbers from the vessel washed up or were exposed by sand erosion at Ballina in northern NSW in April.
a60bc67c98c088e2_0,www.abc.net.au,https://www.abc.net.au/news/2025-11-05/murchison-shires-residents-call-for-water-infrastructure-upgrade/105966434,Water quality issues remain despite multi-million-dollar upgrades,"Wed, 05 Nov 2025 01:01:03 +0000",Find any issues using dark mode?
a60bc67c98c088e2_1,www.abc.net.au,https://www.abc.net.au/news/2025-11-05/murchison-shires-residents-call-for-water-infrastructure-upgrade/105966434,Water quality issues remain despite multi-million-dollar upgrades,"Wed, 05 Nov 2025 01:01:03 +0000",Please let us know Shane Love is calling on the state government to invest in further water infrastructure upgrades.
a60bc67c98c088e2_2,www.abc.net.au,https://www.abc.net.au/news/2025-11-05/murchison-shires-residents-call-for-water-infrastructure-upgrade/105966434,Water quality issues remain despite multi-million-dollar upgrades,"Wed, 05 Nov 2025 01:01:03 +0000",( ABC News: Courtney Withers ) Residents in Western Australia's Murchison say they are unsatisfied with water quality despite multi-million-dollar infrastructure upgrades completed three years ago.
a60bc67c98c088e2_3,www.abc.net.au,https://www.abc.net.au/news/2025-11-05/murchison-shires-residents-call-for-water-infrastructure-upgrade/105966434,Water quality issues remain despite multi-million-dollar upgrades,"Wed, 05 Nov 2025 01:01:03 +0000",Nationals WA leader Shane Love has called on the state government to invest further in the region's infrastructure.
86fb12c5119789a8_0,www.abc.net.au,https://www.abc.net.au/news/2025-11-05/live-ashes-first-test-squad-announcement/105973038,Australia keeps opening mystery alive with 15-man Ashes squad,"Wed, 05 Nov 2025 00:45:36 +0000",Find any issues using dark mode?
86fb12c5119789a8_1,www.abc.net.au,https://www.abc.net.au/news/2025-11-05/live-ashes-first-test-squad-announcement/105973038,Australia keeps opening mystery alive with 15-man Ashes squad,"Wed, 05 Nov 2025 00:45:36 +0000",Please let us know Jake Weatherald remains a chance of making his debut in the first Ashes Test after being named in Australia's squad.
86fb12c5119789a8_2,www.abc.net.au,https://www.abc.net.au/news/2025-11-05/live-ashes-first-test-squad-announcement/105973038,Australia keeps opening mystery alive with 15-man Ashes squad,"Wed, 05 Nov 2025 00:45:36 +0000","( Getty Images: Steve Bell ) Australia has named its squad for the first Ashes Test, but is no closer to knowing who will open the batting in Perth on November 21."
86fb12c5119789a8_3,www.abc.net.au,https://www.abc.net.au/news/2025-11-05/live-ashes-first-test-squad-announcement/105973038,Australia keeps opening mystery alive with 15-man Ashes squad,"Wed, 05 Nov 2025 00:45:36 +0000",Look back at how ABC readers and other Australians responded to this live moment.
e6110a2beac789a6_0,www.abc.net.au,https://www.abc.net.au/news/2025-11-05/ups-cargo-plane-crashes-near-louisville-airport-in-kentucky/105973170,Three dead after cargo plane crashes during take-off at Kentucky airport,"Wed, 05 Nov 2025 00:42:54 +0000",Find any issues using dark mode?
e6110a2beac789a6_1,www.abc.net.au,https://www.abc.net.au/news/2025-11-05/ups-cargo-plane-crashes-near-louisville-airport-in-kentucky/105973170,Three dead after cargo plane crashes during take-off at Kentucky airport,"Wed, 05 Nov 2025 00:42:54 +0000","Please let us know A wide-body UPS cargo plane has crashed during take-off at an airport in Kentucky, leaving three people dead and 11 injured."
e6110a2beac789a6_2,www.abc.net.au,https://www.abc.net.au/news/2025-11-05/ups-cargo-plane-crashes-near-louisville-airport-in-kentucky/105973170,Three dead after cargo plane crashes during take-off at Kentucky airport,"Wed, 05 Nov 2025 00:42:54 +0000",Kentucky's governor said the number of fatalities could rise.
e6110a2beac789a6_3,www.abc.net.au,https://www.abc.net.au/news/2025-11-05/ups-cargo-plane-crashes-near-louisville-airport-in-kentucky/105973170,Three dead after cargo plane crashes during take-off at Kentucky airport,"Wed, 05 Nov 2025 00:42:54 +0000",US air safety authorities have launched an investigation.
a8ed731ae3789705_0,www.bbc.com,https://www.bbc.com/news/articles/clyzm1j6l76o?at_medium=RSS&at_campaign=rss,"Dick Cheney's death a loss to the nation, says George W Bush","Tue, 04 Nov 2025 21:18:43 GMT","Former US President George W Bush has led tributes to Dick Cheney, saying his death is ""a loss to the nation and a sorrow to his friends""."
a8ed731ae3789705_1,www.bbc.com,https://www.bbc.com/news/articles/clyzm1j6l76o?at_medium=RSS&at_campaign=rss,"Dick Cheney's death a loss to the nation, says George W Bush","Tue, 04 Nov 2025 21:18:43 GMT","Cheney died from complications of pneumonia and cardiac and vascular disease on Monday night at the age of 84, his family said in a statement."
a8ed731ae3789705_2,www.bbc.com,https://www.bbc.com/news/articles/clyzm1j6l76o?at_medium=RSS&at_campaign=rss,"Dick Cheney's death a loss to the nation, says George W Bush","Tue, 04 Nov 2025 21:18:43 GMT","He became one of the most powerful US vice-presidents in history under Bush, and leaves behind a controversial legacy as a key architect of the ""war on terror"", and an early advocate of the 2003 invasion of Iraq."
a8ed731ae3789705_3,www.bbc.com,https://www.bbc.com/news/articles/clyzm1j6l76o?at_medium=RSS&at_campaign=rss,"Dick Cheney's death a loss to the nation, says George W Bush","Tue, 04 Nov 2025 21:18:43 GMT","""History will remember him as among the finest public servants of his generation,"" Bush said in a statement."
4d60129f30495067_0,www.bbc.com,https://www.bbc.com/news/articles/c1wlz8j8lr4o?at_medium=RSS&at_campaign=rss,Israel identifies body returned by Hamas as Israeli-American soldier,"Wed, 05 Nov 2025 01:45:01 GMT","The body of a hostage returned by Hamas via the Red Cross in Gaza has been identified as Israeli-American soldier Itay Chen, Israel has confirmed."
4d60129f30495067_1,www.bbc.com,https://www.bbc.com/news/articles/c1wlz8j8lr4o?at_medium=RSS&at_campaign=rss,Israel identifies body returned by Hamas as Israeli-American soldier,"Wed, 05 Nov 2025 01:45:01 GMT",The 19-year-old soldier's remains were returned on Tuesday as part of a Gaza ceasefire deal brokered by US President Donald Trump last month.
4d60129f30495067_2,www.bbc.com,https://www.bbc.com/news/articles/c1wlz8j8lr4o?at_medium=RSS&at_campaign=rss,Israel identifies body returned by Hamas as Israeli-American soldier,"Wed, 05 Nov 2025 01:45:01 GMT","""Following the completion of the identification process..."
4d60129f30495067_3,www.bbc.com,https://www.bbc.com/news/articles/c1wlz8j8lr4o?at_medium=RSS&at_campaign=rss,Israel identifies body returned by Hamas as Israeli-American soldier,"Wed, 05 Nov 2025 01:45:01 GMT","IDF representatives informed the family of the fallen hostage, Staff Sergeant Itay Chen, that their loved one has been returned to Israel and positively identified,"" the Israeli prime minister's office said."
e79f24406475f9fc_0,www.bbc.com,https://www.bbc.com/news/articles/cn0gkg7x59go?at_medium=RSS&at_campaign=rss,Reddit added to Australia's social media ban on under-16s,"Wed, 05 Nov 2025 00:44:42 GMT",Popular forum site Reddit has been added to Australia's world-first social media ban for children under 16 that starts next month.
e79f24406475f9fc_1,www.bbc.com,https://www.bbc.com/news/articles/cn0gkg7x59go?at_medium=RSS&at_campaign=rss,Reddit added to Australia's social media ban on under-16s,"Wed, 05 Nov 2025 00:44:42 GMT","Live-streaming platform Kick will also be included, bringing the number of sites targeted in the ban to nine."
e79f24406475f9fc_2,www.bbc.com,https://www.bbc.com/news/articles/cn0gkg7x59go?at_medium=RSS&at_campaign=rss,Reddit added to Australia's social media ban on under-16s,"Wed, 05 Nov 2025 00:44:42 GMT","They include Facebook, X, Snapchat, TikTok, YouTube, Instagram and Threads."
e79f24406475f9fc_3,www.bbc.com,https://www.bbc.com/news/articles/cn0gkg7x59go?at_medium=RSS&at_campaign=rss,Reddit added to Australia's social media ban on under-16s,"Wed, 05 Nov 2025 00:44:42 GMT","From 10 December, tech companies can be fined up to A$50m ($32.5m; ¬£25.7m) if they do not take ""reasonable steps"" to deactivate existing accounts for under-16s and prohibit new ones."
69f653267f5e23cf_0,www.bbc.com,https://www.bbc.com/news/articles/cgmx4yjkzj4o?at_medium=RSS&at_campaign=rss,At least 52 dead as typhoon wreaks havoc in the Philippines,"Wed, 05 Nov 2025 01:13:45 GMT","At least 52 people have been killed while hundreds of thousands fled their homes as one of strongest typhoons this year ripped through the central Philippines, authorities say."
69f653267f5e23cf_1,www.bbc.com,https://www.bbc.com/news/articles/cgmx4yjkzj4o?at_medium=RSS&at_campaign=rss,At least 52 dead as typhoon wreaks havoc in the Philippines,"Wed, 05 Nov 2025 01:13:45 GMT","Typhoon Kalmaegi has flooded large areas, including entire towns on the most populated central island of Cebu, where most fatalities occurred."
69f653267f5e23cf_2,www.bbc.com,https://www.bbc.com/news/articles/cgmx4yjkzj4o?at_medium=RSS&at_campaign=rss,At least 52 dead as typhoon wreaks havoc in the Philippines,"Wed, 05 Nov 2025 01:13:45 GMT",Thirteen others are missing.
69f653267f5e23cf_3,www.bbc.com,https://www.bbc.com/news/articles/cgmx4yjkzj4o?at_medium=RSS&at_campaign=rss,At least 52 dead as typhoon wreaks havoc in the Philippines,"Wed, 05 Nov 2025 01:13:45 GMT","Videos show people sheltering on rooftops, while cars and shipping containers have been swept through the streets."
1947949c0884db09_0,www.bbc.com,https://www.bbc.com/news/articles/c0mxk9yw3n4o?at_medium=RSS&at_campaign=rss,Zelensky visits troops near embattled front line town of Pokrovsk,"Tue, 04 Nov 2025 19:01:32 GMT","Ukrainian President Volodymyr Zelensky says he has visited troops near the town of Pokrovsk, where the fiercest front line battle between Russia and Ukraine is currently taking place."
1947949c0884db09_1,www.bbc.com,https://www.bbc.com/news/articles/c0mxk9yw3n4o?at_medium=RSS&at_campaign=rss,Zelensky visits troops near embattled front line town of Pokrovsk,"Tue, 04 Nov 2025 19:01:32 GMT","Zelensky posted photos showing him meeting personnel at a command post in the Dobropillya sector, some 20km (12 miles) north of Pokrovsk in the Donetsk region."
1947949c0884db09_2,www.bbc.com,https://www.bbc.com/news/articles/c0mxk9yw3n4o?at_medium=RSS&at_campaign=rss,Zelensky visits troops near embattled front line town of Pokrovsk,"Tue, 04 Nov 2025 19:01:32 GMT","Kyiv's top military commander, Oleksandr Syrskiy, said on Monday that Ukraine was increasing pressure on the Dobropillya front to ""force the enemy to disperse its forces and make it impossible to concentrate their main efforts in the Pokrovsk area""."
1947949c0884db09_3,www.bbc.com,https://www.bbc.com/news/articles/c0mxk9yw3n4o?at_medium=RSS&at_campaign=rss,Zelensky visits troops near embattled front line town of Pokrovsk,"Tue, 04 Nov 2025 19:01:32 GMT",Russia has been trying to seize Pokrovsk - a strategic frontline town and logistic hub - for over a year.
397f9b0858c29747_0,www.bbc.com,https://www.bbc.com/news/articles/cm274lmg7m1o?at_medium=RSS&at_campaign=rss,Narco-sub carrying 1.7 tonnes of cocaine seized in Atlantic,"Tue, 04 Nov 2025 18:52:17 GMT",Four people have been detained after Portuguese authorities intercepted a narco-sub carrying more than 1.7 tonnes of cocaine in the mid-Atlantic.
397f9b0858c29747_1,www.bbc.com,https://www.bbc.com/news/articles/cm274lmg7m1o?at_medium=RSS&at_campaign=rss,Narco-sub carrying 1.7 tonnes of cocaine seized in Atlantic,"Tue, 04 Nov 2025 18:52:17 GMT","The semi-submersible vessel was bound for the Iberian peninsula and was seized in recent days, according to officials."
397f9b0858c29747_2,www.bbc.com,https://www.bbc.com/news/articles/cm274lmg7m1o?at_medium=RSS&at_campaign=rss,Narco-sub carrying 1.7 tonnes of cocaine seized in Atlantic,"Tue, 04 Nov 2025 18:52:17 GMT","Footage shows the police and navy surrounding the vessel before boarding, seizing the Class A substance and arresting four crew members, who are said to be from South America."
397f9b0858c29747_3,www.bbc.com,https://www.bbc.com/news/articles/cm274lmg7m1o?at_medium=RSS&at_campaign=rss,Narco-sub carrying 1.7 tonnes of cocaine seized in Atlantic,"Tue, 04 Nov 2025 18:52:17 GMT","The suspects, including two Ecuadorians, a Venezuelan and a Colombian, were remanded in pre-trial custody after their court appearance in the Azores on Tuesday, said police."
bc92230e37c7c539_0,www.bbc.com,https://www.bbc.com/news/articles/cd04yde70jmo?at_medium=RSS&at_campaign=rss,Carney plans billions in new spending in response to US tariff shocks,"Wed, 05 Nov 2025 00:17:44 GMT","Canada's Prime Minister Mark Carney has put forward his first federal budget, which lays out an ambitious plan to transform Canada's economy and deal with the challenge of US tariffs."
bc92230e37c7c539_1,www.bbc.com,https://www.bbc.com/news/articles/cd04yde70jmo?at_medium=RSS&at_campaign=rss,Carney plans billions in new spending in response to US tariff shocks,"Wed, 05 Nov 2025 00:17:44 GMT","Billed an ""investment budget"" by the government, the fiscal plan increases Canada's deficit to C$78bn ($55.3bn; ¬£42.47bn), the second largest in history."
bc92230e37c7c539_2,www.bbc.com,https://www.bbc.com/news/articles/cd04yde70jmo?at_medium=RSS&at_campaign=rss,Carney plans billions in new spending in response to US tariff shocks,"Wed, 05 Nov 2025 00:17:44 GMT","The spending is offset by plans to attract C$1tn of investment into Canada over the next five years, with the federal government arguing more restrained spending would eliminate ""vital social programmes"" and funding for Canada's future."
bc92230e37c7c539_3,www.bbc.com,https://www.bbc.com/news/articles/cd04yde70jmo?at_medium=RSS&at_campaign=rss,Carney plans billions in new spending in response to US tariff shocks,"Wed, 05 Nov 2025 00:17:44 GMT","The budget does outline cuts, however, including slashing the size of the federal workforce by some 10% in the coming years."
62ea1fcca1438930_0,www.bbc.com,https://www.bbc.com/news/articles/clyk9k399lyo?at_medium=RSS&at_campaign=rss,Suspected drone sightings disrupt flights at Belgium airports,"Tue, 04 Nov 2025 22:42:27 GMT","Suspected drone sightings have disrupted flights at airports across Belgium on Tuesday, with no flights departing or arriving at Brussels Airport - the country's busiest."
62ea1fcca1438930_1,www.bbc.com,https://www.bbc.com/news/articles/clyk9k399lyo?at_medium=RSS&at_campaign=rss,Suspected drone sightings disrupt flights at Belgium airports,"Tue, 04 Nov 2025 22:42:27 GMT",Air traffic there was suspended around 20:00 local time (19:00 GMT) after a drone sighting.
62ea1fcca1438930_2,www.bbc.com,https://www.bbc.com/news/articles/clyk9k399lyo?at_medium=RSS&at_campaign=rss,Suspected drone sightings disrupt flights at Belgium airports,"Tue, 04 Nov 2025 22:42:27 GMT","An hour later it briefly reopened, before closing again shortly after."
62ea1fcca1438930_3,www.bbc.com,https://www.bbc.com/news/articles/clyk9k399lyo?at_medium=RSS&at_campaign=rss,Suspected drone sightings disrupt flights at Belgium airports,"Tue, 04 Nov 2025 22:42:27 GMT",Liege Airport has also been affected and it is not clear when flights will resume.
1898d9b320907c94_0,www.bbc.com,https://www.bbc.com/news/articles/cdx4jy9qp27o?at_medium=RSS&at_campaign=rss,Head of UK's richest family dies aged 85,"Tue, 04 Nov 2025 18:32:54 GMT","The head of Britain's richest family, Gopichand Hinduja, has died aged 85."
1898d9b320907c94_1,www.bbc.com,https://www.bbc.com/news/articles/cdx4jy9qp27o?at_medium=RSS&at_campaign=rss,Head of UK's richest family dies aged 85,"Tue, 04 Nov 2025 18:32:54 GMT","Known as GP, Mr Hinduja and his family made their fortune from the Indian conglomerate Hinduja Group, which operates in 11 sectors including finance, media and entertainment, and oil."
1898d9b320907c94_2,www.bbc.com,https://www.bbc.com/news/articles/cdx4jy9qp27o?at_medium=RSS&at_campaign=rss,Head of UK's richest family dies aged 85,"Tue, 04 Nov 2025 18:32:54 GMT","It has about 200,000 staff around the world."
1898d9b320907c94_3,www.bbc.com,https://www.bbc.com/news/articles/cdx4jy9qp27o?at_medium=RSS&at_campaign=rss,Head of UK's richest family dies aged 85,"Tue, 04 Nov 2025 18:32:54 GMT","The family said in a statement: ""He will leave a deep hole at the heart of our family."" They added that he would be ""remembered for his formidable work""."
0349e64d8e89f66c_0,www.bbc.com,https://www.bbc.com/news/articles/cj0en7ljzjpo?at_medium=RSS&at_campaign=rss,Iran releases two French nationals from detention,"Tue, 04 Nov 2025 21:12:02 GMT","Iran has released two French nationals who were detained there for more than three years, French President Emmanuel Macron has said."
0349e64d8e89f66c_1,www.bbc.com,https://www.bbc.com/news/articles/cj0en7ljzjpo?at_medium=RSS&at_campaign=rss,Iran releases two French nationals from detention,"Tue, 04 Nov 2025 21:12:02 GMT","C√©cile Kohler, 41 and her partner Jacques Paris, 72, have been released from Evin prison, Macron said on Tuesday, with France's foreign minister later confirming they were ""safe"" at the embassy in Tehran ""ahead of their final release""."
0349e64d8e89f66c_2,www.bbc.com,https://www.bbc.com/news/articles/cj0en7ljzjpo?at_medium=RSS&at_campaign=rss,Iran releases two French nationals from detention,"Tue, 04 Nov 2025 21:12:02 GMT","""I welcome this first step."
0349e64d8e89f66c_3,www.bbc.com,https://www.bbc.com/news/articles/cj0en7ljzjpo?at_medium=RSS&at_campaign=rss,Iran releases two French nationals from detention,"Tue, 04 Nov 2025 21:12:02 GMT","The dialogue continues to allow for their return to France as quickly as possible,"" Macron said."
e69950cfafde0925_0,www.theguardian.com,https://www.theguardian.com/music/2025/nov/05/radiohead-live-review-movistar-arena-madrid-spain-thom-yorke,Radiohead review ‚Äì bards of the apocalypse return for a brutal bacchanal,"Wed, 05 Nov 2025 01:19:36 GMT","Powered by a pounding rhythm section, the crowd dance to even the tricksiest drum patterns at Radiohead‚Äôs first gig in seven years ‚Äì one that demonstrates the pure joy this band can bring A lmost 10 years have passed since Radiohead released a new record, and more than seven since they were last seen on stage."
e69950cfafde0925_1,www.theguardian.com,https://www.theguardian.com/music/2025/nov/05/radiohead-live-review-movistar-arena-madrid-spain-thom-yorke,Radiohead review ‚Äì bards of the apocalypse return for a brutal bacchanal,"Wed, 05 Nov 2025 01:19:36 GMT",Living through that period has felt like moving further and faster into the future that their songs often sounded so worried about.
e69950cfafde0925_2,www.theguardian.com,https://www.theguardian.com/music/2025/nov/05/radiohead-live-review-movistar-arena-madrid-spain-thom-yorke,Radiohead review ‚Äì bards of the apocalypse return for a brutal bacchanal,"Wed, 05 Nov 2025 01:19:36 GMT","Animal-borne diseases and invading armies, bomb shelters and endless rainstorms, falling skies and collapsing infrastructure ‚Äì ‚Äôtwas all foretold in the lyric sheets of the ever-fretful Thom Yorke ."
e69950cfafde0925_3,www.theguardian.com,https://www.theguardian.com/music/2025/nov/05/radiohead-live-review-movistar-arena-madrid-spain-thom-yorke,Radiohead review ‚Äì bards of the apocalypse return for a brutal bacchanal,"Wed, 05 Nov 2025 01:19:36 GMT","His reputation as a soothsayer has probably been overstated as the band‚Äôs myth has grown in their absence, but if the frontman is a genius (the jury is still out and may never come back in, their verdict deferred more by politics than musicianship) then he‚Äôs hardly the only monumental talent in the lineup."
5415e9c03b7c8604_0,www.theguardian.com,https://www.theguardian.com/australia-news/2025/nov/04/the-rba-governor-resorts-to-sport-cliches-on-interest-rates-while-stretched-australians-try-to-keep-up-with-costs,The RBA governor resorts to sport cliches on interest rates while stretched Australians try to keep up with costs,"Tue, 04 Nov 2025 14:00:34 GMT","We now know that the central bank doesn‚Äôt think inflation will be back in its 2 to 3% target range until 2027 Follow our Australia news live blog for latest updates Get our breaking news email , free app or daily news podcast Higher inflation for longer is likely to rule out any further rate cuts, with the Reserve Bank‚Äôs latest set of economic forecasts pointing to a pretty dour 18 months ahead."
5415e9c03b7c8604_1,www.theguardian.com,https://www.theguardian.com/australia-news/2025/nov/04/the-rba-governor-resorts-to-sport-cliches-on-interest-rates-while-stretched-australians-try-to-keep-up-with-costs,The RBA governor resorts to sport cliches on interest rates while stretched Australians try to keep up with costs,"Tue, 04 Nov 2025 14:00:34 GMT",The RBA monetary policy board surprised nobody on Melbourne Cup day when it held its cash rate target at 3.6%.
5415e9c03b7c8604_2,www.theguardian.com,https://www.theguardian.com/australia-news/2025/nov/04/the-rba-governor-resorts-to-sport-cliches-on-interest-rates-while-stretched-australians-try-to-keep-up-with-costs,The RBA governor resorts to sport cliches on interest rates while stretched Australians try to keep up with costs,"Tue, 04 Nov 2025 14:00:34 GMT","It was probably the safest bet in town after inflation came in far hotter than anticipated in the September quarter, which reset expectations for where it will go through 2026."
5415e9c03b7c8604_3,www.theguardian.com,https://www.theguardian.com/australia-news/2025/nov/04/the-rba-governor-resorts-to-sport-cliches-on-interest-rates-while-stretched-australians-try-to-keep-up-with-costs,The RBA governor resorts to sport cliches on interest rates while stretched Australians try to keep up with costs,"Tue, 04 Nov 2025 14:00:34 GMT","At Michele Bullock‚Äôs post-meeting press conference, attention naturally turned to one question: what‚Äôs next for Australia‚Äôs mortgage-stretched homeowners?."
4233a8d7edd02a54_0,www.theguardian.com,https://www.theguardian.com/tv-and-radio/2025/nov/04/alls-fair-review-kim-kardashian-divorce-drama-is-fascinatingly-existentially-terrible,"All‚Äôs Fair review ‚Äì Kim Kardashian‚Äôs divorce drama is fascinatingly, existentially terrible","Tue, 04 Nov 2025 13:02:53 GMT","Not even Glenn Close can save this Ryan Murphy disaster from its dismal plots, clueless characters ‚Äì and the worst kissing scenes ever filmed I did not know it was still possible to make television this bad."
4233a8d7edd02a54_1,www.theguardian.com,https://www.theguardian.com/tv-and-radio/2025/nov/04/alls-fair-review-kim-kardashian-divorce-drama-is-fascinatingly-existentially-terrible,"All‚Äôs Fair review ‚Äì Kim Kardashian‚Äôs divorce drama is fascinatingly, existentially terrible","Tue, 04 Nov 2025 13:02:53 GMT","I assumed that there was some sort of baseline, some inescapable bedrock knowledge of how to do it that now prevents any entry into the art form from falling below a certain standard."
4233a8d7edd02a54_2,www.theguardian.com,https://www.theguardian.com/tv-and-radio/2025/nov/04/alls-fair-review-kim-kardashian-divorce-drama-is-fascinatingly-existentially-terrible,"All‚Äôs Fair review ‚Äì Kim Kardashian‚Äôs divorce drama is fascinatingly, existentially terrible","Tue, 04 Nov 2025 13:02:53 GMT",But I was wrong.
4233a8d7edd02a54_3,www.theguardian.com,https://www.theguardian.com/tv-and-radio/2025/nov/04/alls-fair-review-kim-kardashian-divorce-drama-is-fascinatingly-existentially-terrible,"All‚Äôs Fair review ‚Äì Kim Kardashian‚Äôs divorce drama is fascinatingly, existentially terrible","Tue, 04 Nov 2025 13:02:53 GMT","The new series from Ryan Murphy, All‚Äôs Fair ‚Äì starring Kim Kardashian , Naomi Watts and Niecy Nash as the founders of an all-female law firm delivering divorce-y justice to incredibly rich but slightly unlucky women under the azure skies of California ‚Äì is terrible."
039d37eba01d9f2d_0,www.theguardian.com,https://www.theguardian.com/society/ng-interactive/2025/nov/04/strike-3-porn-copyright-lawsuits,Rise of the ‚Äòporno-trolls‚Äô: how one porn platform made millions suing its viewers,"Tue, 04 Nov 2025 12:18:28 GMT","A company called Strike 3, owner of Vixen and Tushy, has clogged US courts with lawsuits, mostly against porn watchers who feel shamed into settling privately When 73-year-old Tom Brown*, a retired police officer from Seattle, received a letter from Comcast, he might have mistaken it for a broadband bill."
039d37eba01d9f2d_1,www.theguardian.com,https://www.theguardian.com/society/ng-interactive/2025/nov/04/strike-3-porn-copyright-lawsuits,Rise of the ‚Äòporno-trolls‚Äô: how one porn platform made millions suing its viewers,"Tue, 04 Nov 2025 12:18:28 GMT","Instead, it was a subpoena."
039d37eba01d9f2d_2,www.theguardian.com,https://www.theguardian.com/society/ng-interactive/2025/nov/04/strike-3-porn-copyright-lawsuits,Rise of the ‚Äòporno-trolls‚Äô: how one porn platform made millions suing its viewers,"Tue, 04 Nov 2025 12:18:28 GMT",He had been sued in federal court for illegally downloading 80 movies.
039d37eba01d9f2d_3,www.theguardian.com,https://www.theguardian.com/society/ng-interactive/2025/nov/04/strike-3-porn-copyright-lawsuits,Rise of the ‚Äòporno-trolls‚Äô: how one porn platform made millions suing its viewers,"Tue, 04 Nov 2025 12:18:28 GMT","Some of the titles sounded cryptic ‚Äì Do Not Worry, We Are Only Friends ‚Äì or banal, like International Relations Part 2."
563ed7b246e71306_0,www.theguardian.com,https://www.theguardian.com/us-news/live/2025/nov/04/nyc-mayor-election-zohran-mamdani-andrew-cuomo-results-latest,"NYC mayoral election live: Mamdani, Cuomo and Sliwa await results after polls close","Wed, 05 Nov 2025 02:18:14 GMT",Democratic socialist and former New York governor face off in race to lead New York City NYC mayoral election ‚Äì live results tracker Polls have officially closed in the high-stakes and closely-watched race to be the next mayor of New York .
563ed7b246e71306_1,www.theguardian.com,https://www.theguardian.com/us-news/live/2025/nov/04/nyc-mayor-election-zohran-mamdani-andrew-cuomo-results-latest,"NYC mayoral election live: Mamdani, Cuomo and Sliwa await results after polls close","Wed, 05 Nov 2025 02:18:14 GMT",Turnout was high.
563ed7b246e71306_2,www.theguardian.com,https://www.theguardian.com/us-news/live/2025/nov/04/nyc-mayor-election-zohran-mamdani-andrew-cuomo-results-latest,"NYC mayoral election live: Mamdani, Cuomo and Sliwa await results after polls close","Wed, 05 Nov 2025 02:18:14 GMT",The New York City board of elections is reporting that New Yorkers have cast more than 2m ballots for the first time in more than a half-century.
563ed7b246e71306_3,www.theguardian.com,https://www.theguardian.com/us-news/live/2025/nov/04/nyc-mayor-election-zohran-mamdani-andrew-cuomo-results-latest,"NYC mayoral election live: Mamdani, Cuomo and Sliwa await results after polls close","Wed, 05 Nov 2025 02:18:14 GMT",üì¢We officially hit TWO MILLION votes - first time since 1969!
974d3ec9a0e06115_0,www.theguardian.com,https://www.theguardian.com/australia-news/live/2025/nov/05/australia-politics-live-nauru-deportations-labor-greens-coalition-anthony-albanese-sussan-ley-nationals-leadership-net-zero-question-time-ntwnfb,Australia politics live: teals to vote against Labor‚Äôs nature laws as Chaney complains ‚Äòthe process sucks and the substance is questionable‚Äô,"Wed, 05 Nov 2025 02:12:00 GMT","Get our breaking news email , free app or daily news podcast The teal independents will oppose Labor‚Äôs rewrite of environment protection laws when the bill is put to a vote in the lower house in coming days."
974d3ec9a0e06115_1,www.theguardian.com,https://www.theguardian.com/australia-news/live/2025/nov/05/australia-politics-live-nauru-deportations-labor-greens-coalition-anthony-albanese-sussan-ley-nationals-leadership-net-zero-question-time-ntwnfb,Australia politics live: teals to vote against Labor‚Äôs nature laws as Chaney complains ‚Äòthe process sucks and the substance is questionable‚Äô,"Wed, 05 Nov 2025 02:12:00 GMT","Zali Steggall , Sophie Scamps , Kate Chaney , Nicolette Boele , Monique Ryan and Allegra Spender confirmed they could not support the almost 1,500-page bill without major amendments to better protect nature."
974d3ec9a0e06115_2,www.theguardian.com,https://www.theguardian.com/australia-news/live/2025/nov/05/australia-politics-live-nauru-deportations-labor-greens-coalition-anthony-albanese-sussan-ley-nationals-leadership-net-zero-question-time-ntwnfb,Australia politics live: teals to vote against Labor‚Äôs nature laws as Chaney complains ‚Äòthe process sucks and the substance is questionable‚Äô,"Wed, 05 Nov 2025 02:12:00 GMT","Chaney, the MP for Curtin, told reporters in Parliament House: My community really wants to see reform in this area."
974d3ec9a0e06115_3,www.theguardian.com,https://www.theguardian.com/australia-news/live/2025/nov/05/australia-politics-live-nauru-deportations-labor-greens-coalition-anthony-albanese-sussan-ley-nationals-leadership-net-zero-question-time-ntwnfb,Australia politics live: teals to vote against Labor‚Äôs nature laws as Chaney complains ‚Äòthe process sucks and the substance is questionable‚Äô,"Wed, 05 Nov 2025 02:12:00 GMT",We need to do better at protecting nature and also making processes work faster for business.
ef45a3e61d801ac2_0,www.theguardian.com,https://www.theguardian.com/us-news/2025/nov/04/louisville-plane-crash-airport-kentucky-latest,At least three dead and 11 injured after UPS plane crashes near a Kentucky airport,"Wed, 05 Nov 2025 01:14:38 GMT","Crash happened at the Louisville international airport and fatality numbers are expected to rise, says governor A plane has crashed near Louisville international airport in Kentucky , leaving at least three dead and 11 injured, the state‚Äôs governor, Andy Beshear, said."
ef45a3e61d801ac2_1,www.theguardian.com,https://www.theguardian.com/us-news/2025/nov/04/louisville-plane-crash-airport-kentucky-latest,At least three dead and 11 injured after UPS plane crashes near a Kentucky airport,"Wed, 05 Nov 2025 01:14:38 GMT",The governor said he expects those numbers to grow.
ef45a3e61d801ac2_2,www.theguardian.com,https://www.theguardian.com/us-news/2025/nov/04/louisville-plane-crash-airport-kentucky-latest,At least three dead and 11 injured after UPS plane crashes near a Kentucky airport,"Wed, 05 Nov 2025 01:14:38 GMT","A UPS flight took off from the airport and crashed around 5.15pm local time, according to the Federal Aviation Administration."
ef45a3e61d801ac2_3,www.theguardian.com,https://www.theguardian.com/us-news/2025/nov/04/louisville-plane-crash-airport-kentucky-latest,At least three dead and 11 injured after UPS plane crashes near a Kentucky airport,"Wed, 05 Nov 2025 01:14:38 GMT","The plane, a McDonnell Douglas MD-11, had three crew members on board, according to UPS."
9be84731af65b7b1_0,www.theguardian.com,https://www.theguardian.com/australia-news/2025/nov/05/labor-accused-burying-jobs-for-mates-report,Labor accused of ‚Äòburying‚Äô controversial jobs for mates report after going to extraordinary lengths to keep secret,"Wed, 05 Nov 2025 01:08:35 GMT","After winning the 2022 election, the Albanese government commissioned former Australian public service commissioner Lynelle Briggs to review appointment processes for government boards."
9be84731af65b7b1_1,www.theguardian.com,https://www.theguardian.com/australia-news/2025/nov/05/labor-accused-burying-jobs-for-mates-report,Labor accused of ‚Äòburying‚Äô controversial jobs for mates report after going to extraordinary lengths to keep secret,"Wed, 05 Nov 2025 01:08:35 GMT",Its terms of reference were limited to public sector board appointments.
9be84731af65b7b1_2,www.theguardian.com,https://www.theguardian.com/australia-news/2025/nov/05/labor-accused-burying-jobs-for-mates-report,Labor accused of ‚Äòburying‚Äô controversial jobs for mates report after going to extraordinary lengths to keep secret,"Wed, 05 Nov 2025 01:08:35 GMT",The report was not intended to consider current appointments or appointment processes related to individuals.
9be84731af65b7b1_3,www.theguardian.com,https://www.theguardian.com/australia-news/2025/nov/05/labor-accused-burying-jobs-for-mates-report,Labor accused of ‚Äòburying‚Äô controversial jobs for mates report after going to extraordinary lengths to keep secret,"Wed, 05 Nov 2025 01:08:35 GMT","Initiated in February 2023, the review‚Äôs final report was handed to the government in August 2023 but has never been made public."
cc3d907c562cef3e_0,www.theguardian.com,https://www.theguardian.com/sport/2025/nov/05/australia-ashes-squad-cricket-jake-weatherald-first-test-perth,Jake Weatherald in contention for Test debut after being named in Australia‚Äôs Ashes squad,"Wed, 05 Nov 2025 01:13:09 GMT",Opener included in 15-man squad for first Test in Perth Selectors will wait before making final decision on opening spot Opener Jake Weatherald has won a place in Australia‚Äôs Ashes squad and is the leading contender to partner Usman Khawaja at the top of the order for the first Test in Perth.
cc3d907c562cef3e_1,www.theguardian.com,https://www.theguardian.com/sport/2025/nov/05/australia-ashes-squad-cricket-jake-weatherald-first-test-perth,Jake Weatherald in contention for Test debut after being named in Australia‚Äôs Ashes squad,"Wed, 05 Nov 2025 01:13:09 GMT","But the Tasmania batter has not yet secured a spot in the XI for the series opener, with chief selector George Bailey saying he would wait until the end of the coming round of Sheffield Shield matches before making a decision on the final line-up."
cc3d907c562cef3e_2,www.theguardian.com,https://www.theguardian.com/sport/2025/nov/05/australia-ashes-squad-cricket-jake-weatherald-first-test-perth,Jake Weatherald in contention for Test debut after being named in Australia‚Äôs Ashes squad,"Wed, 05 Nov 2025 01:13:09 GMT","‚ÄúI think if you look at [Weatherald‚Äôs] performance over 18, 24 months, it‚Äôs been really solid,‚Äù Bailey said."
cc3d907c562cef3e_3,www.theguardian.com,https://www.theguardian.com/sport/2025/nov/05/australia-ashes-squad-cricket-jake-weatherald-first-test-perth,Jake Weatherald in contention for Test debut after being named in Australia‚Äôs Ashes squad,"Wed, 05 Nov 2025 01:13:09 GMT",‚ÄúThere‚Äôs a method there that I think we like and is complimentary to those other players around him in the squad.
05a542e31286197f_0,www.theguardian.com,https://www.theguardian.com/environment/2025/nov/05/new-zealand-karearea-falcon-dive-bomb-attacks,New Zealanders warned to steer clear of ‚Äòbird of the year‚Äô after dive-bomb attacks,"Wed, 05 Nov 2025 02:01:17 GMT",The kƒÅrearea becomes territorial during nesting season and walkers have been swooped by the fast-flying falcon in recent weeks New Zealanders are being warned to steer clear of the nation‚Äôs ‚Äòbird of the year‚Äô ‚Äì the kƒÅrearea ‚Äì after reports the fast-flying falcon is dive-bombing walkers who veer too close to their nests.
05a542e31286197f_1,www.theguardian.com,https://www.theguardian.com/environment/2025/nov/05/new-zealand-karearea-falcon-dive-bomb-attacks,New Zealanders warned to steer clear of ‚Äòbird of the year‚Äô after dive-bomb attacks,"Wed, 05 Nov 2025 02:01:17 GMT","The threatened kƒÅrearea was crowned bird of the year in September, in the country‚Äôs long-running annual competition."
05a542e31286197f_2,www.theguardian.com,https://www.theguardian.com/environment/2025/nov/05/new-zealand-karearea-falcon-dive-bomb-attacks,New Zealanders warned to steer clear of ‚Äòbird of the year‚Äô after dive-bomb attacks,"Wed, 05 Nov 2025 02:01:17 GMT","It is New Zealand‚Äôs fastest bird, capable of flying 200km/h in its pursuit of prey, and has impressive talons."
05a542e31286197f_3,www.theguardian.com,https://www.theguardian.com/environment/2025/nov/05/new-zealand-karearea-falcon-dive-bomb-attacks,New Zealanders warned to steer clear of ‚Äòbird of the year‚Äô after dive-bomb attacks,"Wed, 05 Nov 2025 02:01:17 GMT","KƒÅrearea are powerful aerial hunters and watch other birds, lizards or small mammals ‚Äì sometimes larger than themselves ‚Äì from a high vantage point before diving to snatch their prey."
